{
 "CRASH_TRUMP": {
  "0.5": {
   "base_only": 306.79189421613717,
   "by_weight": {
    "0": 306.79189421613717,
    "5": 316.2670171701977,
    "10": 325.3247662742865,
    "15": 334.3825153783666,
    "20": 343.44026448245415,
    "25": 352.4980135865375,
    "30": 361.555762690618,
    "40": 379.6712608987895,
    "50": 397.78675910695904,
    "60": 415.9022573151243,
    "75": 443.07550462737913
   },
   "hodl": -42.7276908923643
  },
  "2.0": {
   "base_only": 1472.9637943190257,
   "by_weight": {
    "0": 1472.9637943190257,
    "5": 1506.3258219094382,
    "10": 1538.573964004624,
    "15": 1570.822106099818,
    "20": 1603.070248195003,
    "25": 1635.3183902901978,
    "30": 1667.5665323854041,
    "40": 1732.0628165757953,
    "50": 1796.5591007661815,
    "60": 1861.0553849565601,
    "75": 1957.7998112421483
   },
   "hodl": -42.7276908923643
  }
 },
 "CRASH_BOME": {
  "0.5": {
   "base_only": 390.0452839034674,
   "by_weight": {
    "0": 390.0452839034674,
    "5": 398.70324471551754,
    "10": 407.13709512055584,
    "15": 415.570945525597,
    "20": 424.0047959306352,
    "25": 432.43864633567625,
    "30": 440.8724967407136,
    "40": 457.7401975507976,
    "50": 474.6078983608789,
    "60": 491.4755991709588,
    "75": 516.7771503860761
   },
   "hodl": -39.48654037886341
  },
  "2.0": {
   "base_only": 1792.3586122681481,
   "by_weight": {
    "0": 1792.3586122681481,
    "5": 1818.8796191473884,
    "10": 1844.5021265813384,
    "15": 1870.1246340152786,
    "20": 1895.7471414492225,
    "25": 1921.3696488831526,
    "30": 1946.9921563170979,
    "40": 1998.237171185004,
    "50": 2049.482186052852,
    "60": 2100.7272009207472,
    "75": 2177.5947232225712
   },
   "hodl": -39.48654037886341
  }
 },
 "CRASH_PNUT": {
  "0.5": {
   "base_only": 370.47328220841297,
   "by_weight": {
    "0": 370.47328220841297,
    "5": 374.80744868339474,
    "10": 378.9241001452999,
    "15": 383.0407516072048,
    "20": 387.1574030691076,
    "25": 391.27405453100926,
    "30": 395.39070599291114,
    "40": 403.6240089167114,
    "50": 411.8573118405236,
    "60": 420.0906147643274,
    "75": 432.4405691500365
   },
   "hodl": -42.46004169562197
  },
  "2.0": {
   "base_only": 1733.5970986009847,
   "by_weight": {
    "0": 1733.5970986009847,
    "5": 1748.0538516677634,
    "10": 1761.6148267249457,
    "15": 1775.1758017821132,
    "20": 1788.7367768393037,
    "25": 1802.297751896496,
    "30": 1815.8587269536501,
    "40": 1842.9806770680113,
    "50": 1870.102627182375,
    "60": 1897.2245772967658,
    "75": 1937.9075024683104
   },
   "hodl": -42.46004169562197
  }
 },
 "CRASH_MOODENG": {
  "0.5": {
   "base_only": 312.39849598197986,
   "by_weight": {
    "0": 312.39849598197986,
    "5": 317.49072029889663,
    "10": 322.21150287379976,
    "15": 326.9322854487028,
    "20": 331.6530680236064,
    "25": 336.3738505985084,
    "30": 341.0946331734114,
    "40": 350.5361983232217,
    "50": 359.9777634730278,
    "60": 369.41932862283755,
    "75": 383.58167634754824
   },
   "hodl": -37.93841951704017
  },
  "2.0": {
   "base_only": 1472.0976008324892,
   "by_weight": {
    "0": 1472.0976008324892,
    "5": 1490.2572770609368,
    "10": 1506.9197690015142,
    "15": 1523.5822609420825,
    "20": 1540.244752882657,
    "25": 1556.907244823233,
    "30": 1573.5697367638043,
    "40": 1606.8947206449504,
    "50": 1640.219704526118,
    "60": 1673.5446884072542,
    "75": 1723.5321642289944
   },
   "hodl": -37.93841951704017
  }
 },
 "CRASH_MEW": {
  "0.5": {
   "base_only": 219.45055089672175,
   "by_weight": {
    "0": 219.45055089672175,
    "5": 223.11734816249086,
    "10": 226.54010505774713,
    "15": 229.91947732881349,
    "20": 233.29884959988277,
    "25": 236.67822187095186,
    "30": 240.0575941420171,
    "40": 246.81633868415327,
    "50": 253.57508322628885,
    "60": 260.33382776842495,
    "75": 270.47194458162994
   },
   "hodl": -44.17770597738288
  },
  "2.0": {
   "base_only": 1146.009447490976,
   "by_weight": {
    "0": 1146.009447490976,
    "5": 1158.3122980566175,
    "10": 1170.0176412014275,
    "15": 1181.7229843462464,
    "20": 1193.4283274910636,
    "25": 1205.1336706358688,
    "30": 1216.8390137806882,
    "40": 1240.2497000703167,
    "50": 1263.660386359941,
    "60": 1287.0710726495738,
    "75": 1322.187102084022
   },
   "hodl": -44.17770597738288
  }
 },
 "RH_CASHCAT": {
  "2.0": {
   "base_only": 65967.92306093128,
   "by_weight": {
    "0": 65967.92306093128,
    "5": 62553.54914408772,
    "10": 59117.60250996513,
    "15": 55681.65587584235,
    "20": 52245.70924171965,
    "25": 48809.7626075969,
    "30": 45373.81597347412,
    "40": 38501.92270522862,
    "50": 31630.029436983124,
    "60": 24758.1361687376,
    "75": 14450.296266369349
   },
   "hodl": 15245.529633055045
  },
  "2.56": {
   "base_only": 76305.89103489804,
   "by_weight": {
    "0": 76305.89103489804,
    "5": 72356.81773722931,
    "10": 68380.82577549244,
    "15": 64404.833813755635,
    "20": 60428.841852018675,
    "25": 56452.849890281825,
    "30": 52476.857928544974,
    "40": 44524.87400507121,
    "50": 36572.89008159745,
    "60": 28620.906158123704,
    "75": 16692.930272913065
   },
   "hodl": 15245.529633055045
  }
 },
 "RH_PONS": {
  "2.0": {
   "base_only": 74.80300258461968,
   "by_weight": {
    "0": 74.80300258461968,
    "5": 79.30634351600494,
    "10": 83.80411910406644,
    "15": 88.30189469212797,
    "20": 92.79967028018943,
    "25": 97.2974458682509,
    "30": 101.79522145631248,
    "40": 110.79077263243539,
    "50": 119.78632380855822,
    "60": 128.78187498468145,
    "75": 142.27520174886575
   },
   "hodl": 178865.58811890252
  },
  "19.53": {
   "base_only": 259.5751326654974,
   "by_weight": {
    "0": 259.5751326654974,
    "5": 268.7066676391608,
    "10": 277.7645369029842,
    "15": 286.822406166808,
    "20": 295.8802754306316,
    "25": 304.9381446944553,
    "30": 313.99601395827864,
    "40": 332.1117524859262,
    "50": 350.22749101357294,
    "60": 368.3432295412203,
    "75": 395.51683733269067
   },
   "hodl": 178865.58811890252
  }
 },
 "RH_INDEX": {
  "1.16": {
   "base_only": 144.6058413282974,
   "by_weight": {
    "0": 144.6058413282974,
    "5": 136.46185665305737,
    "10": 128.30205151594666,
    "15": 120.1422463788354,
    "20": 111.98244124172474,
    "25": 103.82263610461386,
    "30": 95.6628309675029,
    "40": 79.3432206932812,
    "50": 63.023610419059395,
    "60": 46.7040001448376,
    "75": 22.224584733505015
   },
   "hodl": 260207.07260036864
  },
  "2.0": {
   "base_only": 195.2387964230116,
   "by_weight": {
    "0": 195.2387964230116,
    "5": 185.4393623665314,
    "10": 175.61037231912255,
    "15": 165.78138227171388,
    "20": 155.9523922243052,
    "25": 146.1234021768965,
    "30": 136.2944121294875,
    "40": 116.63643203467035,
    "50": 96.97845193985306,
    "60": 77.32047184503546,
    "75": 47.83350170280909
   },
   "hodl": 260207.07260036864
  }
 },
 "RH_VIRTUAL": {
  "1.14": {
   "base_only": 50.19479376368279,
   "by_weight": {
    "0": 50.19479376368279,
    "5": 74.94147483897736,
    "10": 99.67408382516507,
    "15": 124.40669281135274,
    "20": 149.13930179754,
    "25": 173.87191078372757,
    "30": 198.60451976991587,
    "40": 248.06973774229,
    "50": 297.5349557146651,
    "60": 347.00017368704164,
    "75": 421.1980006456026
   },
   "hodl": 2.7881605210278604
  },
  "2.0": {
   "base_only": 81.64653894579943,
   "by_weight": {
    "0": 81.64653894579943,
    "5": 109.80120706873784,
    "10": 137.93122318401285,
    "15": 166.061239299288,
    "20": 194.1912554145623,
    "25": 222.32127152983682,
    "30": 250.45128764511273,
    "40": 306.71131987566145,
    "50": 362.9713521062108,
    "60": 419.2313843367622,
    "75": 503.6214326825847
   },
   "hodl": 2.7881605210278604
  }
 }
}